Date,yield_10Y,yield_15Y,SPLB
2021-01-04,1.84,2.34,26.856651306152344
2021-01-05,1.89,2.39,26.701221466064453
2021-01-06,1.96,2.47,26.341279983520508
2021-01-07,1.97,2.48,26.31673240661621
2021-01-08,2.0,2.5,26.27583122253418
2021-01-11,2.02,2.52,26.169479370117188
2021-01-12,2.03,2.53,26.234922409057617
2021-01-13,1.97,2.47,26.594873428344727
2021-01-14,1.99,2.49,26.398548126220703
2021-01-15,1.96,2.46,26.423076629638672
2021-01-18,1.97,2.46,
2021-01-19,1.95,2.44,26.53759765625
2021-01-20,1.95,2.43,26.50489044189453
2021-01-21,1.97,2.46,26.365819931030273
2021-01-22,1.97,2.46,26.300373077392575
2021-01-25,1.93,2.42,26.52124786376953
2021-01-26,1.93,2.42,26.53759765625
2021-01-27,1.92,2.41,26.472166061401367
2021-01-28,1.95,2.44,26.431264877319336
2021-01-29,1.99,2.48,26.30855369567871
2021-01-31,2.01,2.52,
2021-02-01,1.99,2.5,26.36678123474121
2021-02-02,2.01,2.52,26.260168075561523
2021-02-03,2.02,2.53,26.11254119873047
2021-02-04,2.02,2.53,26.169950485229492
2021-02-05,2.03,2.54,26.038738250732425
2021-02-08,2.01,2.52,26.227365493774418
2021-02-09,2.01,2.51,26.169950485229492
2021-02-10,1.98,2.49,26.27657127380371
2021-02-11,1.99,2.5,26.153547286987305
2021-02-12,2.03,2.54,25.981325149536133
2021-02-15,2.03,2.54,
2021-02-16,2.1,2.61,25.743492126464844
2021-02-17,2.1,2.61,25.94851875305176
2021-02-18,2.09,2.6,25.85831069946289
2021-02-19,2.14,2.65,25.563068389892575
2021-02-22,2.19,2.7,25.243223190307617
2021-02-23,2.2,2.72,25.308834075927734
2021-02-24,2.21,2.73,25.325231552124023
2021-02-25,2.33,2.84,24.800355911254883
2021-02-26,2.3,2.79,25.423643112182617
2021-02-28,2.31,2.82,
2021-03-01,2.29,2.81,25.37431526184082
2021-03-02,2.26,2.78,25.283864974975582
2021-03-03,2.32,2.83,25.037189483642575
2021-03-04,2.41,2.92,24.716522216796875
2021-03-05,2.46,2.96,24.69186019897461
2021-03-08,2.52,3.01,24.395845413208008
2021-03-09,2.5,2.99,24.708297729492188
2021-03-10,2.47,2.95,24.88918685913086
2021-03-11,2.46,2.95,24.88096809387207
2021-03-12,2.56,3.05,24.37940216064453
2021-03-15,2.53,3.03,24.510963439941406
2021-03-16,2.54,3.04,24.461626052856445
2021-03-17,2.56,3.06,24.461626052856445
2021-03-18,2.62,3.12,24.247846603393555
2021-03-19,2.62,3.12,24.362953186035156
2021-03-22,2.57,3.07,24.535627365112305
2021-03-23,2.54,3.04,24.650739669799805
2021-03-24,2.52,3.03,24.76586151123047
2021-03-25,2.52,3.03,24.683631896972656
2021-03-26,2.55,3.05,24.683631896972656
2021-03-29,2.6,3.1,24.568523406982425
2021-03-30,2.59,3.09,24.73296356201172
2021-03-31,2.6,3.1,24.806962966918945
2021-04-01,2.53,3.02,25.086441040039062
2021-04-02,,,
2021-04-05,2.56,3.05,24.913311004638672
2021-04-06,2.5,3.0,25.160629272460938
2021-04-07,2.5,3.0,25.003999710083008
2021-04-08,2.48,2.97,25.18536376953125
2021-04-09,2.5,3.0,25.127655029296875
2021-04-12,2.51,3.01,25.111162185668945
2021-04-13,2.46,2.96,25.25955390930176
2021-04-14,2.47,2.96,25.21009635925293
2021-04-15,2.37,2.86,25.482154846191406
2021-04-16,2.42,2.91,25.226585388183594
2021-04-19,2.45,2.95,25.094682693481445
2021-04-20,2.43,2.93,25.18536376953125
2021-04-21,2.43,2.92,25.300785064697266
2021-04-22,2.41,2.91,25.34200096130371
2021-04-23,2.42,2.91,25.383224487304688
2021-04-26,2.42,2.9,25.36673164367676
2021-04-27,2.46,2.96,25.20185279846191
2021-04-28,2.45,2.96,25.18536376953125
2021-04-29,2.47,2.97,25.127655029296875
2021-04-30,2.48,2.99,25.20185279846191
2021-05-03,2.46,2.97,25.25310707092285
2021-05-04,2.45,2.95,25.31922721862793
2021-05-05,2.43,2.94,25.34402656555176
2021-05-06,2.41,2.92,25.42668914794922
2021-05-07,2.42,2.93,25.38536262512207
2021-05-10,2.44,2.96,25.17044448852539
2021-05-11,2.47,2.99,25.013381958007812
2021-05-12,2.54,3.06,24.80672836303711
2021-05-13,2.51,3.03,24.922460556030273
2021-05-14,2.46,2.98,25.129106521606445
2021-05-17,2.46,2.98,25.096046447753903
2021-05-18,2.47,2.98,24.955520629882812
2021-05-19,2.51,3.03,24.897655487060547
2021-05-20,2.46,2.97,25.137374877929688
2021-05-21,2.45,2.97,25.17870330810547
2021-05-24,2.43,2.94,25.28617286682129
2021-05-25,2.38,2.89,25.45149803161621
2021-05-26,2.39,2.9,25.45149803161621
2021-05-27,2.42,2.94,25.327491760253903
2021-05-28,2.4,2.92,25.34402656555176
2021-05-31,2.42,2.93,
2021-06-01,2.43,2.95,25.335742950439453
2021-06-02,2.41,2.92,25.41033172607422
2021-06-03,2.44,2.96,25.2860164642334
2021-06-04,2.38,2.89,25.551223754882812
2021-06-07,2.39,2.9,25.51807975769043
2021-06-08,2.35,2.86,25.650678634643555
2021-06-09,2.31,2.82,25.8330135345459
2021-06-10,2.27,2.78,25.998767852783203
2021-06-11,2.27,2.78,26.023624420166016
2021-06-14,2.3,2.8,25.88273811340332
2021-06-15,2.29,2.8,25.89102554321289
2021-06-16,2.35,2.85,25.874448776245117
2021-06-17,2.29,2.79,26.11479949951172
2021-06-18,2.24,2.74,26.413162231445312
2021-06-21,2.27,2.78,26.123085021972656
2021-06-22,2.27,2.77,26.16452980041504
2021-06-23,2.28,2.78,26.106504440307617
2021-06-24,2.28,2.78,26.205957412719727
2021-06-25,2.31,2.82,26.0733585357666
2021-06-28,2.26,2.76,26.247406005859375
2021-06-29,2.25,2.75,26.305416107177734
2021-06-30,2.24,2.74,26.33856964111328
2021-07-01,2.27,2.77,26.32194709777832
2021-07-02,2.23,2.73,26.421646118164062
2021-07-05,2.23,2.73,
2021-07-06,2.18,2.68,26.58782958984375
2021-07-07,2.14,2.64,26.72907066345215
2021-07-08,2.13,2.63,26.77892684936523
2021-07-09,2.19,2.69,26.55459213256836
2021-07-12,2.19,2.69,26.55459213256836
2021-07-13,2.24,2.74,26.380107879638672
2021-07-14,2.18,2.67,26.61275291442871
2021-07-15,2.14,2.63,26.72076416015625
2021-07-16,2.14,2.64,26.63768196105957
2021-07-19,2.06,2.56,26.986642837524418
2021-07-20,2.09,2.58,26.870315551757812
2021-07-21,2.14,2.63,26.72907066345215
2021-07-22,2.12,2.61,26.88694190979004
2021-07-23,2.13,2.63,26.837087631225582
2021-07-26,2.12,2.61,26.77061653137207
2021-07-27,2.09,2.58,26.96170997619629
2021-07-28,2.11,2.6,27.00326156616211
2021-07-29,2.11,2.6,26.88694190979004
2021-07-30,2.09,2.58,26.928489685058594
2021-07-31,2.09,2.59,
2021-08-02,2.04,2.54,27.026756286621097
2021-08-03,2.04,2.54,27.08505630493164
2021-08-04,2.05,2.55,27.11005210876465
2021-08-05,2.08,2.58,26.968456268310547
2021-08-06,2.15,2.65,26.601993560791016
2021-08-09,2.18,2.68,26.443750381469727
2021-08-10,2.21,2.71,26.352134704589844
2021-08-11,2.21,2.71,26.40210723876953
2021-08-12,2.22,2.71,26.452072143554688
2021-08-13,2.15,2.64,26.73525619506836
2021-08-16,2.12,2.61,26.75191116333008
2021-08-17,2.13,2.62,26.70194435119629
2021-08-18,2.15,2.64,26.685277938842773
2021-08-19,2.14,2.63,26.810213088989254
2021-08-20,2.15,2.65,26.868511199951172
2021-08-23,2.14,2.64,26.876848220825195
2021-08-24,2.17,2.66,26.760238647460938
2021-08-25,2.21,2.7,26.643640518188477
2021-08-26,2.2,2.7,26.66029357910156
2021-08-27,2.17,2.66,26.86018180847168
2021-08-30,2.14,2.63,26.91016387939453
2021-08-31,2.16,2.63,26.810213088989254
2021-09-01,2.15,2.63,26.825239181518555
2021-09-02,2.14,2.62,26.917078018188477
2021-09-03,2.16,2.65,26.750099182128903
2021-09-06,2.17,2.65,
2021-09-07,2.21,2.69,26.566423416137695
2021-09-08,2.18,2.66,26.700000762939453
2021-09-09,2.14,2.62,27.00891876220703
2021-09-10,2.17,2.65,26.875337600708008
2021-09-13,2.15,2.63,26.992218017578125
2021-09-14,2.11,2.58,27.13415908813477
2021-09-15,2.13,2.6,27.084056854248047
2021-09-16,2.16,2.63,27.04231071472168
2021-09-17,2.19,2.66,26.967174530029297
2021-09-20,2.14,2.62,27.10076332092285
2021-09-21,2.16,2.63,27.084056854248047
2021-09-22,2.16,2.63,27.242698669433594
2021-09-23,2.22,2.69,26.942134857177734
2021-09-24,2.25,2.72,26.816892623901367
2021-09-27,2.26,2.73,26.808536529541016
2021-09-28,2.32,2.79,26.341001510620117
2021-09-29,2.32,2.8,26.315956115722656
2021-09-30,2.34,2.81,26.182373046875
2021-10-01,2.29,2.76,26.48285865783691
2021-10-04,2.3,2.77,26.41589736938477
2021-10-05,2.35,2.81,26.240123748779297
2021-10-06,2.36,2.82,26.281972885131836
2021-10-07,2.4,2.86,26.08108901977539
2021-10-08,2.44,2.89,25.88020896911621
2021-10-11,2.44,2.89,25.8551025390625
2021-10-12,2.43,2.88,26.12294006347656
2021-10-13,2.4,2.85,26.399158477783203
2021-10-14,2.37,2.81,26.549816131591797
2021-10-15,2.41,2.85,26.47448348999023
2021-10-18,2.42,2.86,26.45774269104004
2021-10-19,2.46,2.9,26.223384857177734
2021-10-20,2.46,2.9,26.089466094970703
2021-10-21,2.5,2.94,26.06435203552246
2021-10-22,2.49,2.92,26.240123748779297
2021-10-25,2.47,2.9,26.231752395629883
2021-10-26,2.45,2.88,26.44100570678711
2021-10-27,2.37,2.79,26.725587844848633
2021-10-28,2.41,2.83,26.658628463745117
2021-10-29,2.4,2.83,26.658628463745117
2021-10-31,2.42,2.85,
2021-11-01,2.44,2.87,26.589820861816406
2021-11-02,2.42,2.84,26.73246383666992
2021-11-03,2.45,2.86,26.614990234375
2021-11-04,2.39,2.81,26.79119300842285
2021-11-05,2.32,2.73,27.11004638671875
2021-11-08,2.35,2.77,27.05969619750977
2021-11-09,2.3,2.71,27.177165985107425
2021-11-10,2.4,2.82,26.8079776763916
2021-11-11,2.41,2.82,26.707290649414062
2021-11-12,2.44,2.85,26.62338638305664
2021-11-15,2.49,2.9,26.29615020751953
2021-11-16,2.51,2.92,26.212244033813477
2021-11-17,2.5,2.9,26.38844871520996
2021-11-18,2.48,2.89,26.472352981567383
2021-11-19,2.44,2.84,26.656951904296875
2021-11-22,2.53,2.92,26.37166404724121
2021-11-23,2.58,2.97,26.052825927734375
2021-11-24,2.57,2.96,26.29615020751953
2021-11-25,2.58,2.96,
2021-11-26,2.48,2.86,26.62338638305664
2021-11-29,2.52,2.91,26.631772994995117
2021-11-30,2.46,2.85,26.75763511657715
2021-12-01,2.46,2.85,26.72987365722656
2021-12-02,2.49,2.87,26.864458084106445
2021-12-03,2.38,2.77,27.192481994628903
2021-12-06,2.45,2.83,26.94856071472168
2021-12-07,2.46,2.85,26.956968307495117
2021-12-08,2.49,2.88,26.64577293395996
2021-12-09,2.47,2.86,26.612125396728516
2021-12-10,2.47,2.86,26.64577293395996
2021-12-13,2.41,2.8,26.83922004699707
2021-12-14,2.44,2.83,26.66259002685547
2021-12-15,2.47,2.86,26.67100524902344
2021-12-16,2.42,2.81,26.595306396484375
2021-12-17,2.41,2.8,26.76643943786621
2021-12-20,2.44,2.83,26.555683135986328
2021-12-21,2.5,2.89,26.63155937194824
2021-12-22,2.46,2.85,26.707433700561523
2021-12-23,2.49,2.88,26.63155937194824
2021-12-24,,,
2021-12-27,2.47,2.86,26.73272132873535
2021-12-28,2.46,2.85,26.65684509277344
2021-12-29,2.51,2.9,26.41236686706543
2021-12-30,2.48,2.87,26.59783172607422
2021-12-31,2.48,2.86,26.5388126373291
2022-01-03,2.6,2.98,26.11730194091797
2022-01-04,2.63,3.01,26.11730194091797
2022-01-05,2.66,3.03,25.94869804382324
2022-01-06,2.7,3.07,25.923404693603516
2022-01-07,2.73,3.11,25.763219833374023
2022-01-10,2.76,3.13,25.73793601989746
2022-01-11,2.73,3.11,25.8475284576416
2022-01-12,2.71,3.09,25.830665588378903
2022-01-13,2.71,3.08,25.94869804382324
2022-01-14,2.77,3.15,25.619911193847656
2022-01-17,2.77,3.15,
2022-01-18,2.88,3.25,25.257404327392575
2022-01-19,2.84,3.22,25.33327865600586
2022-01-20,2.85,3.23,25.307981491088867
2022-01-21,2.81,3.18,25.5777587890625
2022-01-24,2.82,3.2,25.400724411010746
2022-01-25,2.86,3.24,25.282691955566406
2022-01-26,2.91,3.28,25.063499450683594
2022-01-27,2.9,3.27,25.198394775390625
2022-01-28,2.9,3.29,25.215251922607425
2022-01-31,2.92,3.29,25.20681953430176
2022-02-01,2.92,3.29,25.253326416015625
2022-02-02,2.88,3.25,25.24485969543457
2022-02-03,2.96,3.32,24.974327087402344
2022-02-04,3.07,3.43,24.619243621826172
2022-02-07,3.08,3.43,24.678421020507812
2022-02-08,3.1,3.46,24.534698486328125
2022-02-09,3.07,3.43,24.644603729248047
2022-02-10,3.18,3.54,24.23879623413086
2022-02-11,3.14,3.49,24.42479133605957
2022-02-14,3.19,3.54,24.13733673095703
2022-02-15,3.24,3.6,23.917524337768555
2022-02-16,3.27,3.62,23.93443298339844
2022-02-17,3.24,3.6,23.951337814331055
2022-02-18,3.22,3.59,24.061250686645508
2022-02-21,3.23,3.59,
2022-02-22,3.27,3.62,24.061250686645508
2022-02-23,3.3,3.66,23.714616775512695
2022-02-24,3.36,3.73,23.86680030822754
2022-02-25,3.33,3.69,24.0020694732666
2022-02-28,3.21,3.59,24.38251304626465
2022-03-01,3.1,3.48,24.425752639770508
2022-03-02,3.25,3.62,23.88314437866211
2022-03-03,3.24,3.6,24.03575897216797
2022-03-04,3.17,3.53,24.061185836791992
2022-03-07,3.25,3.6,23.662717819213867
2022-03-08,3.42,3.77,23.52705955505371
2022-03-09,3.47,3.82,23.544021606445312
2022-03-10,3.55,3.89,23.14554977416992
2022-03-11,3.57,3.9,23.162492752075195
2022-03-14,3.72,4.03,22.713157653808594
2022-03-15,3.74,4.05,22.992935180664062
2022-03-16,3.71,4.03,23.30662727355957
2022-03-17,3.64,3.96,23.61184310913086
2022-03-18,3.58,3.9,23.662717819213867
2022-03-21,3.72,4.04,23.24728202819824
2022-03-22,3.76,4.08,23.12010955810547
2022-03-23,3.71,4.03,23.289674758911133
2022-03-24,3.75,4.06,23.323589324951172
2022-03-25,3.87,4.18,23.08618927001953
2022-03-28,3.85,4.16,23.315105438232425
2022-03-29,3.75,4.06,23.52705955505371
2022-03-30,3.7,4.01,23.620323181152344
2022-03-31,3.68,3.96,23.56097412109375
2022-04-01,3.71,3.99,23.773542404174805
2022-04-04,3.72,4.0,23.824560165405273
2022-04-05,3.85,4.12,23.26338577270508
2022-04-06,3.92,4.2,23.05931854248047
2022-04-07,3.97,4.25,22.872257232666016
2022-04-08,4.05,4.32,22.583168029785156
2022-04-11,4.15,4.42,22.277061462402344
2022-04-12,4.11,4.38,22.175033569335938
2022-04-13,4.11,4.37,22.34508895874023
2022-04-14,4.21,4.46,21.96246910095215
2022-04-15,,,
2022-04-18,4.27,4.52,21.71588897705078
2022-04-19,4.34,4.59,21.47781562805176
2022-04-20,4.27,4.53,21.868940353393555
2022-04-21,4.36,4.61,21.54584503173828
2022-04-22,4.4,4.65,21.48632049560547
2022-04-25,4.35,4.59,21.83492660522461
2022-04-26,4.3,4.54,21.817920684814453
2022-04-27,4.36,4.59,21.48632049560547
2022-04-28,4.43,4.66,21.58835792541504
2022-04-29,4.47,4.69,21.2142333984375
2022-04-30,4.5,4.71,
2022-05-02,4.61,4.83,20.994983673095703
2022-05-03,4.57,4.79,21.259449005126953
2022-05-04,4.52,4.76,21.498315811157227
2022-05-05,4.65,4.89,20.91819953918457
2022-05-06,4.72,4.95,20.679332733154297
2022-05-09,4.72,4.95,20.76464080810547
2022-05-10,4.64,4.87,20.892608642578125
2022-05-11,4.58,4.8,21.09735107421875
2022-05-12,4.52,4.73,21.063232421875
2022-05-13,4.63,4.85,20.875547409057617
2022-05-16,4.59,4.79,20.909669876098633
2022-05-17,4.69,4.88,20.73904800415039
2022-05-18,4.65,4.84,20.926734924316406
2022-05-19,4.64,4.81,20.94379615783691
2022-05-20,4.58,4.76,21.114416122436523
2022-05-23,4.64,4.82,21.012048721313477
2022-05-24,4.53,4.72,21.41300392150879
2022-05-25,4.47,4.66,21.737184524536133
2022-05-26,4.41,4.6,21.677471160888672
2022-05-27,4.38,4.58,21.83955764770508
2022-05-30,4.39,4.58,
2022-05-31,4.45,4.65,21.600683212280273
2022-06-01,4.52,4.72,21.499696731567383
2022-06-02,4.5,4.7,21.525367736816406
2022-06-03,4.55,4.75,21.42266845703125
2022-06-06,4.61,4.82,21.200138092041016
2022-06-07,4.56,4.77,21.396989822387695
2022-06-08,4.61,4.81,21.200138092041016
2022-06-09,4.64,4.84,21.03752326965332
2022-06-10,4.81,5.0,20.840669631958008
2022-06-13,5.08,5.26,20.1816349029541
2022-06-14,5.19,5.36,20.06182289123535
2022-06-15,5.09,5.26,20.43840789794922
2022-06-16,5.06,5.22,20.498315811157227
2022-06-17,5.0,5.16,20.566783905029297
2022-06-20,5.01,5.15,
2022-06-21,5.06,5.21,20.19875717163086
2022-06-22,4.97,5.12,20.446956634521484
2022-06-23,4.9,5.05,20.660932540893555
2022-06-24,4.93,5.08,20.660932540893555
2022-06-27,4.99,5.13,20.361377716064453
2022-06-28,5.04,5.17,20.378490447998047
2022-06-29,4.96,5.09,20.566783905029297
2022-06-30,4.89,5.06,20.618135452270508
2022-07-01,4.83,5.0,20.887828826904297
2022-07-04,4.84,5.0,
2022-07-05,4.77,4.94,20.879236221313477
2022-07-06,4.85,5.03,20.77617454528809
2022-07-07,4.9,5.07,20.741819381713867
2022-07-08,4.97,5.13,20.690282821655273
2022-07-11,4.87,5.03,20.819116592407227
2022-07-12,4.85,5.02,20.84488296508789
2022-07-13,4.82,4.99,21.136899948120117
2022-07-14,4.88,5.04,20.930767059326172
2022-07-15,4.82,4.99,21.17125129699707
2022-07-18,4.82,4.98,20.94795036315918
2022-07-19,4.87,5.03,21.05101203918457
2022-07-20,4.87,5.03,21.03383445739746
2022-07-21,4.74,4.91,21.37738800048828
2022-07-22,4.62,4.79,21.600690841674805
2022-07-25,4.67,4.84,21.325851440429688
2022-07-26,4.67,4.84,21.34302520751953
2022-07-27,4.6,4.77,21.48904037475586
2022-07-28,4.53,4.7,21.6522216796875
2022-07-29,4.47,4.64,21.729522705078125
2022-07-31,4.48,4.66,
2022-08-01,4.44,4.62,21.845861434936523
2022-08-02,4.58,4.75,21.509775161743164
2022-08-03,4.57,4.76,21.88033103942871
2022-08-04,4.5,4.69,21.845861434936523
2022-08-05,4.65,4.85,21.48391914367676
2022-08-08,4.57,4.77,21.595945358276367
2022-08-09,4.62,4.82,21.4666805267334
2022-08-10,4.57,4.78,21.73383522033691
2022-08-11,4.62,4.84,21.346031188964844
2022-08-12,4.56,4.78,21.72521209716797
2022-08-15,4.5,4.72,21.664886474609375
2022-08-16,4.53,4.75,21.57871437072754
2022-08-17,4.62,4.84,21.311567306518555
2022-08-18,4.6,4.82,21.371885299682617
2022-08-19,4.73,4.95,21.018569946289062
2022-08-22,4.82,5.01,20.8289737701416
2022-08-23,4.83,5.03,20.8720645904541
2022-08-24,4.87,5.07,20.794506072998047
2022-08-25,4.78,4.98,21.070274353027344
2022-08-26,4.79,5.0,20.97547912597656
2022-08-29,4.9,5.1,20.74279403686523
2022-08-30,4.91,5.11,20.80311584472656
2022-08-31,4.99,5.17,20.51874351501465
2022-09-01,5.14,5.33,20.315500259399418
2022-09-02,5.06,5.25,20.28955078125
2022-09-05,5.07,5.25,
2022-09-06,5.22,5.4,19.874420166015625
2022-09-07,5.15,5.32,20.280900955200195
2022-09-08,5.15,5.33,20.22035217285156
2022-09-09,5.16,5.33,20.298200607299805
2022-09-12,5.18,5.36,20.194414138793945
2022-09-13,5.26,5.43,20.03874397277832
2022-09-14,5.25,5.41,20.22035217285156
2022-09-15,5.3,5.46,20.073328018188477
2022-09-16,5.31,5.48,19.978200912475582
2022-09-19,5.35,5.52,20.056039810180664
2022-09-20,5.42,5.59,19.761985778808594
2022-09-21,5.37,5.53,19.934961318969727
2022-09-22,5.57,5.73,19.53711700439453
2022-09-23,5.6,5.76,19.493885040283203
2022-09-26,5.83,5.97,19.052804946899418
2022-09-27,5.98,6.11,18.5684814453125
2022-09-28,5.79,5.93,19.035503387451172
2022-09-29,5.9,6.03,18.84523582458496
2022-09-30,5.91,6.03,18.810646057128903
2022-10-03,5.74,5.85,19.19188117980957
2022-10-04,5.66,5.79,19.313453674316406
2022-10-05,5.78,5.91,19.122400283813477
2022-10-06,5.82,5.95,19.078989028930664
2022-10-07,5.9,6.03,18.818464279174805
2022-10-10,5.92,6.03,18.514514923095703
2022-10-11,6.02,6.15,18.514514923095703
2022-10-12,6.04,6.15,18.48847007751465
2022-10-13,6.09,6.2,18.540565490722656
2022-10-14,6.15,6.26,18.2713623046875
2022-10-17,6.15,6.24,18.384252548217773
2022-10-18,6.1,6.19,18.540565490722656
2022-10-19,6.23,6.33,18.18452262878418
2022-10-20,6.33,6.42,17.958730697631836
2022-10-21,6.32,6.42,17.897939682006836
2022-10-24,6.31,6.4,17.85452651977539
2022-10-25,6.14,6.23,18.219249725341797
2022-10-26,6.07,6.16,18.349515914916992
2022-10-27,6.0,6.09,18.471094131469727
2022-10-28,6.03,6.13,18.5231990814209
2022-10-31,6.11,6.2,18.4016170501709
2022-11-01,6.07,6.18,18.610044479370117
2022-11-02,6.08,6.19,18.52284240722656
2022-11-03,6.17,6.27,18.39202880859375
2022-11-04,6.18,6.27,18.365863800048828
2022-11-07,6.2,6.3,18.24377822875977
2022-11-08,6.11,6.21,18.33970832824707
2022-11-09,6.1,6.19,18.261219024658203
2022-11-10,5.79,5.89,19.124568939208984
2022-11-11,5.79,5.89,19.1943416595459
2022-11-14,5.77,5.86,19.06352806091309
2022-11-15,5.64,5.74,19.45595932006836
2022-11-16,5.54,5.64,19.74374008178711
2022-11-17,5.63,5.73,19.647815704345703
2022-11-18,5.64,5.75,19.63909912109375
2022-11-21,5.64,5.74,19.621652603149418
2022-11-22,5.56,5.66,19.900712966918945
2022-11-23,5.49,5.59,20.21466064453125
2022-11-24,5.5,5.59,
2022-11-25,5.48,5.58,20.232101440429688
2022-11-28,5.48,5.58,20.040252685546875
2022-11-29,5.55,5.64,19.89199447631836
2022-11-30,5.48,5.58,20.18849754333496
2022-12-01,5.3,5.41,20.61301612854004
2022-12-02,5.27,5.38,20.840585708618164
2022-12-05,5.37,5.48,20.61301612854004
2022-12-06,5.3,5.41,20.718048095703125
2022-12-07,5.2,5.3,21.06816673278809
2022-12-08,5.25,5.35,21.033153533935547
2022-12-09,5.33,5.42,20.77931785583496
2022-12-12,5.34,5.43,20.726797103881836
2022-12-13,5.22,5.32,20.93686866760254
2022-12-14,5.19,5.29,20.971878051757812
2022-12-15,5.18,5.27,20.998144149780273
2022-12-16,5.23,5.32,20.840585708618164
2022-12-19,5.34,5.42,20.539260864257812
2022-12-20,5.45,5.53,20.143938064575195
2022-12-21,5.43,5.5,20.345996856689453
2022-12-22,5.43,5.51,20.372352600097656
2022-12-23,5.48,5.55,20.2054386138916
2022-12-26,,,
2022-12-27,5.58,5.65,19.81889533996582
2022-12-28,5.62,5.69,19.722261428833008
2022-12-29,5.57,5.63,19.924318313598633
2022-12-30,5.56,5.64,19.722261428833008
2022-12-31,5.58,5.66,
2023-01-02,,,
2023-01-03,5.55,5.63,19.94188690185547
2023-01-04,5.45,5.54,20.17029571533203
2023-01-05,5.47,5.55,20.21422004699707
2023-01-06,5.32,5.39,20.671043395996097
2023-01-09,5.26,5.34,20.76767349243164
2023-01-10,5.32,5.4,20.644681930541992
2023-01-11,5.21,5.29,20.89944648742676
2023-01-12,5.09,5.18,21.23328399658203
2023-01-13,5.13,5.22,21.136642456054688
2023-01-16,5.13,5.21,
2023-01-17,5.14,5.23,21.02243423461914
2023-01-18,4.97,5.07,21.35626792907715
2023-01-19,5.0,5.11,21.294775009155273
2023-01-20,5.08,5.19,21.11907386779785
2023-01-23,5.1,5.21,21.031219482421875
2023-01-24,5.03,5.14,21.224489212036133
2023-01-25,5.03,5.14,21.224489212036133
2023-01-26,5.04,5.16,21.23328399658203
2023-01-27,5.05,5.17,21.10150718688965
2023-01-30,5.1,5.21,21.004867553710938
2023-01-31,5.04,5.17,21.198139190673828
2023-02-01,4.95,5.07,21.499732971191406
2023-02-02,4.9,5.04,21.51737594604492
2023-02-03,5.02,5.16,21.199901580810547
2023-02-06,5.12,5.26,21.049983978271484
2023-02-07,5.17,5.31,20.92652702331543
2023-02-08,5.14,5.27,20.917701721191406
2023-02-09,5.2,5.34,20.670787811279297
2023-02-10,5.3,5.43,20.476776123046875
2023-02-13,5.28,5.41,20.617870330810547
2023-02-14,5.32,5.44,20.600238800048828
2023-02-15,5.36,5.48,20.423864364624023
2023-02-16,5.42,5.54,20.15049171447754
2023-02-17,5.42,5.53,20.28277015686035
2023-02-20,5.42,5.53,
2023-02-21,5.58,5.68,19.88593292236328
2023-02-22,5.56,5.65,19.974124908447266
2023-02-23,5.51,5.6,20.203397750854492
2023-02-24,5.59,5.68,20.00939178466797
2023-02-27,5.56,5.65,19.974124908447266
2023-02-28,5.58,5.67,19.98293685913086
2023-03-01,5.67,5.76,19.824445724487305
2023-03-02,5.71,5.8,19.806737899780273
2023-03-03,5.59,5.68,20.187463760375977
2023-03-06,5.59,5.68,20.09891891479492
2023-03-07,5.61,5.7,20.054658889770508
2023-03-08,5.64,5.73,20.036949157714844
2023-03-09,5.62,5.69,19.948400497436523
2023-03-10,5.47,5.53,20.391115188598633
2023-03-13,5.44,5.47,20.391115188598633
2023-03-14,5.51,5.54,20.29371452331543
2023-03-15,5.42,5.43,20.54163360595703
2023-03-16,5.48,5.49,20.550479888916016
2023-03-17,5.35,5.36,20.59475898742676
2023-03-20,5.4,5.42,20.497358322143555
2023-03-21,5.4,5.46,20.621320724487305
2023-03-22,5.23,5.31,20.709861755371097
2023-03-23,5.21,5.27,20.754135131835938
2023-03-24,5.22,5.27,20.84267807006836
2023-03-27,5.33,5.39,20.470802307128903
2023-03-28,5.35,5.41,20.435382843017575
2023-03-29,5.34,5.4,20.59475898742676
2023-03-30,5.28,5.36,20.639026641845703
2023-03-31,5.21,5.31,20.913511276245117
2023-04-03,5.14,5.25,21.022748947143555
2023-04-04,5.09,5.19,21.067157745361328
2023-04-05,5.06,5.16,21.19150161743164
2023-04-06,5.06,5.15,21.182621002197266
2023-04-07,,,
2023-04-10,5.17,5.26,21.084922790527344
2023-04-11,5.16,5.24,21.067157745361328
2023-04-12,5.14,5.22,20.96057891845703
2023-04-13,5.16,5.26,20.97834587097168
2023-04-14,5.2,5.29,20.898408889770508
2023-04-17,5.26,5.36,20.703012466430664
2023-04-18,5.23,5.33,20.845115661621097
2023-04-19,5.26,5.35,20.711896896362305
2023-04-20,5.22,5.32,20.800710678100582
2023-04-21,5.25,5.34,20.81847763061523
2023-04-24,5.19,5.28,20.951696395874023
2023-04-25,5.09,5.18,21.07603645324707
2023-04-26,5.15,5.24,20.94281768798828
2023-04-27,5.22,5.3,20.83623504638672
2023-04-28,5.13,5.22,21.067157745361328
2023-04-30,5.17,5.23,
2023-05-01,5.33,5.4,20.54202651977539
2023-05-02,5.2,5.27,20.90756607055664
2023-05-03,5.14,5.2,20.88973617553711
2023-05-04,5.21,5.25,20.782743453979492
2023-05-05,5.26,5.31,20.711414337158203
2023-05-08,5.34,5.39,20.47068977355957
2023-05-09,5.35,5.41,20.4796085357666
2023-05-10,5.27,5.32,20.66684341430664
2023-05-11,5.22,5.28,20.809492111206055
2023-05-12,5.29,5.35,20.631179809570312
2023-05-15,5.32,5.38,20.41719436645508
2023-05-16,5.37,5.43,20.28346061706543
2023-05-17,5.41,5.47,20.310211181640625
2023-05-18,5.47,5.53,20.21212577819824
2023-05-19,5.49,5.56,20.149721145629883
2023-05-22,5.5,5.57,20.12297248840332
2023-05-23,5.48,5.55,20.18539047241211
2023-05-24,5.52,5.59,20.08731460571289
2023-05-25,5.58,5.64,20.042728424072266
2023-05-26,5.57,5.64,20.18539047241211
2023-05-29,5.58,5.64,
2023-05-30,5.44,5.51,20.345870971679688
2023-05-31,5.43,5.5,20.461774826049805
2023-06-01,5.4,5.46,20.545032501220703
2023-06-02,5.45,5.53,20.4913272857666
2023-06-05,5.46,5.53,20.419702529907227
2023-06-06,5.45,5.52,20.4913272857666
2023-06-07,5.55,5.61,20.231706619262695
2023-06-08,5.48,5.55,20.42864990234375
2023-06-09,5.52,5.59,20.40180015563965
2023-06-12,5.51,5.57,20.473413467407227
2023-06-13,5.58,5.64,20.383892059326172
2023-06-14,5.55,5.6,20.4913272857666
2023-06-15,5.45,5.51,20.715126037597656
2023-06-16,5.48,5.54,20.68826675415039
2023-06-19,5.49,5.53,
2023-06-20,5.45,5.5,20.77777862548828
2023-06-21,5.44,5.49,20.77777862548828
2023-06-22,5.52,5.56,20.61664390563965
2023-06-23,5.48,5.52,20.697216033935547
2023-06-26,5.45,5.49,20.715126037597656
2023-06-27,5.49,5.53,20.68826675415039
2023-06-28,5.44,5.48,20.79568672180176
2023-06-29,5.54,5.58,20.571887969970703
2023-06-30,5.51,5.56,20.82254409790039
2023-07-03,5.54,5.59,20.761428833007812
2023-07-04,5.55,5.59,
2023-07-05,5.61,5.65,20.527753829956055
2023-07-06,5.74,5.77,20.24913024902344
2023-07-07,5.75,5.79,20.21318244934082
2023-07-10,5.7,5.73,20.330028533935547
2023-07-11,5.66,5.69,20.455848693847656
2023-07-12,5.53,5.57,20.69851875305176
2023-07-13,5.42,5.46,20.86029052734375
2023-07-14,5.48,5.52,20.68053817749023
2023-07-17,5.47,5.52,20.707504272460938
2023-07-18,5.45,5.49,20.815359115600582
2023-07-19,5.39,5.44,20.97713851928711
2023-07-20,5.49,5.54,20.78839111328125
2023-07-21,5.47,5.52,20.842315673828125
2023-07-24,5.48,5.54,20.806367874145508
2023-07-25,5.49,5.55,20.77041244506836
2023-07-26,5.45,5.51,20.869281768798828
2023-07-27,5.56,5.62,20.50977897644043
2023-07-28,5.51,5.57,20.69851875305176
2023-07-31,5.51,5.57,20.779409408569336
2023-08-01,5.59,5.65,20.458141326904297
2023-08-02,5.65,5.71,20.23252868652344
2023-08-03,5.77,5.83,19.925704956054688
2023-08-04,5.63,5.7,20.214475631713867
2023-08-07,5.66,5.73,20.106191635131836
2023-08-08,5.61,5.68,20.23252868652344
2023-08-09,5.59,5.66,20.295700073242188
2023-08-10,5.68,5.76,20.07911491394043
2023-08-11,5.74,5.81,20.034000396728516
2023-08-14,5.76,5.82,20.02496910095215
2023-08-15,5.8,5.86,19.862531661987305
2023-08-16,5.86,5.92,19.736196517944336
2023-08-17,5.89,5.94,19.63692283630371
2023-08-18,5.86,5.91,19.754243850708008
2023-08-21,5.95,5.99,19.57375717163086
2023-08-22,5.93,5.97,19.673017501831055
2023-08-23,5.78,5.82,20.106191635131836
2023-08-24,5.81,5.85,20.01594352722168
2023-08-25,5.81,5.85,20.06106758117676
2023-08-28,5.77,5.81,20.133262634277344
2023-08-29,5.68,5.72,20.3498477935791
2023-08-30,5.68,5.72,20.295700073242188
2023-08-31,5.68,5.73,20.3498477935791
2023-09-01,5.76,5.81,20.117862701416016
2023-09-04,5.76,5.81,
2023-09-05,5.84,5.89,19.89130592346191
2023-09-06,5.89,5.93,19.909427642822266
2023-09-07,5.85,5.89,20.018177032470703
2023-09-08,5.83,5.88,20.08161163330078
2023-09-11,5.86,5.9,19.981922149658203
2023-09-12,5.85,5.89,20.009113311767575
2023-09-13,5.84,5.88,20.04536247253418
2023-09-14,5.85,5.89,19.99098777770996
2023-09-15,5.89,5.92,19.94567489624023
2023-09-18,5.88,5.91,20.02723693847656
2023-09-19,5.92,5.95,19.94567489624023
2023-09-20,5.92,5.94,19.99098777770996
2023-09-21,6.03,6.05,19.63756561279297
2023-09-22,5.97,5.98,19.827869415283203
2023-09-25,6.07,6.08,19.50163459777832
2023-09-26,6.09,6.09,19.401948928833008
2023-09-27,6.16,6.15,19.302274703979492
2023-09-28,6.15,6.15,19.311325073242188
2023-09-29,6.16,6.15,19.247894287109375
2023-09-30,6.18,6.18,
2023-10-02,6.31,6.3,18.987565994262695
2023-10-03,6.45,6.44,18.66897964477539
2023-10-04,6.38,6.37,18.923851013183594
2023-10-05,6.37,6.36,18.832826614379883
2023-10-06,6.44,6.43,18.75090789794922
2023-10-09,6.44,6.43,19.06949234008789
2023-10-10,6.28,6.28,19.07858657836914
2023-10-11,6.21,6.2,19.306148529052734
2023-10-12,6.33,6.33,18.960264205932617
2023-10-13,6.25,6.26,19.15140724182129
2023-10-16,6.33,6.32,18.932954788208008
2023-10-17,6.45,6.45,18.75090789794922
2023-10-18,6.54,6.53,18.541547775268555
2023-10-19,6.64,6.62,18.268478393554688
2023-10-20,6.59,6.58,18.3595027923584
2023-10-23,6.53,6.51,18.577959060668945
2023-10-24,6.46,6.45,18.75090789794922
2023-10-25,6.57,6.56,18.4869384765625
2023-10-26,6.48,6.48,18.659883499145508
2023-10-27,6.47,6.47,18.587066650390625
2023-10-30,6.53,6.51,18.505138397216797
2023-10-31,6.58,6.56,18.45962905883789
2023-11-01,6.43,6.42,18.847368240356445
2023-11-02,6.31,6.3,19.19486427307129
2023-11-03,6.19,6.19,19.286314010620117
2023-11-06,6.26,6.26,19.149141311645508
2023-11-07,6.19,6.19,19.36861801147461
2023-11-08,6.12,6.13,19.560657501220703
2023-11-09,6.25,6.25,19.286314010620117
2023-11-10,6.22,6.22,19.4417781829834
2023-11-13,6.2,6.2,19.41433906555176
2023-11-14,5.98,5.99,19.78013610839844
2023-11-15,6.06,6.07,19.652103424072266
2023-11-16,5.96,5.98,19.880725860595703
2023-11-17,5.93,5.95,19.98131561279297
2023-11-20,5.89,5.91,20.127635955810547
2023-11-21,5.88,5.89,20.100200653076172
2023-11-22,5.87,5.88,20.22822952270508
2023-11-23,5.87,5.88,
2023-11-24,5.91,5.93,20.07276725769043
2023-11-27,5.81,5.84,20.31967544555664
2023-11-28,5.77,5.79,20.365400314331055
2023-11-29,5.67,5.69,20.63059425354004
2023-11-30,5.75,5.77,20.493425369262695
2023-12-01,5.63,5.65,20.81026077270508
2023-12-04,5.67,5.69,20.718425750732425
2023-12-05,5.59,5.61,20.993940353393555
2023-12-06,5.54,5.57,21.150060653686523
2023-12-07,5.57,5.59,21.150060653686523
2023-12-08,5.63,5.66,21.012298583984375
2023-12-11,5.63,5.65,20.993940353393555
2023-12-12,5.58,5.61,21.140878677368164
2023-12-13,5.37,5.41,21.62761116027832
2023-12-14,5.22,5.26,22.00414276123047
2023-12-15,5.23,5.27,21.958223342895508
2023-12-18,5.27,5.31,21.7932071685791
2023-12-19,5.25,5.29,21.848522186279297
2023-12-20,5.2,5.24,21.91305351257324
2023-12-21,5.22,5.27,21.857742309570312
2023-12-22,5.23,5.28,21.802433013916016
2023-12-25,,,
2023-12-26,5.21,5.27,21.885398864746097
2023-12-27,5.1,5.16,22.171180725097656
2023-12-28,5.13,5.2,22.10664749145508
2023-12-29,5.17,5.24,21.931486129760746
2023-12-31,5.17,5.26,
2024-01-01,,,
2024-01-02,5.24,5.33,21.737895965576172
2024-01-03,5.25,5.33,21.701021194458008
2024-01-04,5.34,5.41,21.50742530822754
2024-01-05,5.38,5.46,21.378360748291016
2024-01-08,5.34,5.41,21.636491775512695
2024-01-09,5.33,5.4,21.66414451599121
2024-01-10,5.33,5.39,21.618051528930664
2024-01-11,5.26,5.33,21.765552520751953
2024-01-12,5.23,5.29,21.81164932250977
2024-01-15,5.22,5.28,
2024-01-16,5.34,5.39,21.498210906982425
2024-01-17,5.37,5.42,21.461336135864254
2024-01-18,5.39,5.44,21.378360748291016
2024-01-19,5.39,5.44,21.442893981933594
2024-01-22,5.35,5.4,21.50742530822754
2024-01-23,5.38,5.44,21.387582778930664
2024-01-24,5.4,5.46,21.341487884521484
2024-01-25,5.34,5.4,21.525861740112305
2024-01-26,5.35,5.41,21.45211601257324
2024-01-29,5.28,5.35,21.5811767578125
2024-01-30,5.28,5.34,21.71023750305176
2024-01-31,5.22,5.28,21.77477264404297
2024-02-01,5.15,5.21,22.02931022644043
2024-02-02,5.29,5.36,21.742372512817383
2024-02-05,5.4,5.47,21.44618225097656
2024-02-06,5.34,5.4,21.603538513183594
2024-02-07,5.37,5.42,21.483203887939453
2024-02-08,5.42,5.48,21.31659889221191
2024-02-09,5.45,5.51,21.27031707763672
2024-02-12,5.44,5.5,21.261056900024418
2024-02-13,5.58,5.64,20.96487045288086
2024-02-14,5.51,5.58,21.085195541381836
2024-02-15,5.47,5.54,21.187015533447266
2024-02-16,5.51,5.58,21.103710174560547
2024-02-19,5.51,5.58,
2024-02-20,5.48,5.56,21.16850471496582
2024-02-21,5.52,5.59,21.103710174560547
2024-02-22,5.5,5.58,21.149988174438477
2024-02-23,5.45,5.52,21.27957534790039
2024-02-26,5.49,5.56,21.187015533447266
2024-02-27,5.52,5.59,21.149988174438477
2024-02-28,5.5,5.56,21.1314754486084
2024-02-29,5.52,5.57,21.187015533447266
2024-03-01,5.47,5.52,21.3413143157959
2024-03-04,5.48,5.54,21.276247024536133
2024-03-05,5.42,5.47,21.45284843444824
2024-03-06,5.38,5.43,21.564393997192383
2024-03-07,5.36,5.42,21.59227752685547
2024-03-08,5.33,5.4,21.620161056518555
2024-03-11,5.34,5.4,21.648048400878903
2024-03-12,5.38,5.44,21.545801162719727
2024-03-13,5.39,5.45,21.49932861328125
2024-03-14,5.48,5.53,21.266950607299805
2024-03-15,5.49,5.54,21.313426971435547
2024-03-18,5.49,5.55,21.229772567749023
2024-03-19,5.46,5.52,21.294832229614254
2024-03-20,5.45,5.5,21.32272148132324
2024-03-21,5.42,5.49,21.37849235534668
2024-03-22,5.37,5.43,21.49932861328125
2024-03-25,5.41,5.47,21.37849235534668
2024-03-26,5.4,5.47,21.37849235534668
2024-03-27,5.37,5.43,21.582977294921875
2024-03-28,5.36,5.43,21.601572036743164
2024-03-29,,,
2024-03-31,5.39,5.44,
2024-04-01,5.5,5.55,21.27116584777832
2024-04-02,5.52,5.58,21.233829498291016
2024-04-03,5.5,5.56,21.233829498291016
2024-04-04,5.46,5.52,21.26182746887207
2024-04-05,5.55,5.61,21.131160736083984
2024-04-08,5.56,5.61,21.18716049194336
2024-04-09,5.5,5.55,21.33650016784668
2024-04-10,5.67,5.72,20.925819396972656
2024-04-11,5.7,5.75,20.841821670532227
2024-04-12,5.68,5.72,20.907150268554688
2024-04-15,5.78,5.81,20.561813354492188
2024-04-16,5.85,5.88,20.468475341796875
2024-04-17,5.77,5.81,20.627147674560547
2024-04-18,5.81,5.85,20.571147918701172
2024-04-19,5.79,5.83,20.599143981933594
2024-04-22,5.78,5.82,20.645816802978516
2024-04-23,5.74,5.79,20.683155059814453
2024-04-24,5.78,5.84,20.54314613342285
2024-04-25,5.84,5.9,20.468475341796875
2024-04-26,5.79,5.85,20.580480575561523
2024-04-29,5.74,5.79,20.701820373535156
2024-04-30,5.83,5.88,20.533811569213867
2024-05-01,5.78,5.83,20.661306381225582
2024-05-02,5.71,5.76,20.811298370361328
2024-05-03,5.63,5.68,20.9987850189209
2024-05-06,5.6,5.66,21.092529296875
2024-05-07,5.57,5.63,21.120655059814453
2024-05-08,5.61,5.67,21.02691078186035
2024-05-09,5.59,5.65,21.092529296875
2024-05-10,5.63,5.69,21.008161544799805
2024-05-13,5.62,5.67,21.01753044128418
2024-05-14,5.58,5.62,21.101905822753903
2024-05-15,5.48,5.53,21.34564208984375
2024-05-16,5.49,5.54,21.31751823425293
2024-05-17,5.52,5.58,21.25189781188965
2024-05-20,5.53,5.59,21.223777770996097
2024-05-21,5.51,5.57,21.270647048950195
2024-05-22,5.53,5.59,21.270647048950195
2024-05-23,5.58,5.64,21.120655059814453
2024-05-24,5.56,5.63,21.20502471923828
2024-05-27,5.56,5.62,
2024-05-28,5.63,5.69,20.9987850189209
2024-05-29,5.7,5.76,20.830049514770508
2024-05-30,5.63,5.69,20.9987850189209
2024-05-31,5.59,5.66,21.15814971923828
2024-06-03,5.51,5.58,21.358654022216797
2024-06-04,5.45,5.52,21.490442276000977
2024-06-05,5.42,5.48,21.612812042236328
2024-06-06,5.43,5.49,21.58457374572754
2024-06-07,5.55,5.62,21.302175521850582
2024-06-10,5.58,5.64,21.217456817626953
2024-06-11,5.52,5.58,21.349241256713867
2024-06-12,5.45,5.51,21.509267807006836
2024-06-13,5.38,5.44,21.669292449951172
2024-06-14,5.38,5.43,21.725770950317383
2024-06-17,5.45,5.5,21.56574821472168
2024-06-18,5.39,5.44,21.697525024414062
2024-06-19,5.39,5.44,
2024-06-20,5.43,5.48,21.58457374572754
2024-06-21,5.43,5.48,21.59398651123047
2024-06-24,5.41,5.47,21.63164329528809
2024-06-25,5.41,5.46,21.63164329528809
2024-06-26,5.5,5.55,21.424543380737305
2024-06-27,5.47,5.52,21.48102569580078
2024-06-28,5.53,5.59,21.226865768432617
2024-06-30,5.55,5.62,
2024-07-01,5.63,5.7,21.034019470214844
2024-07-02,5.57,5.65,21.21363639831543
2024-07-03,5.48,5.56,21.431062698364254
2024-07-04,5.48,5.56,
2024-07-05,5.41,5.49,21.572866439819336
2024-07-08,5.4,5.48,21.61068344116211
2024-07-09,5.42,5.51,21.535053253173828
2024-07-10,5.41,5.49,21.61068344116211
2024-07-11,5.33,5.42,21.76193618774414
2024-07-12,5.3,5.39,21.86592483520508
2024-07-15,5.33,5.41,21.667402267456055
2024-07-16,5.28,5.36,21.884830474853516
2024-07-17,5.28,5.36,21.903738021850582
2024-07-18,5.32,5.4,21.76193618774414
2024-07-19,5.36,5.44,21.639039993286133
2024-07-22,5.37,5.45,21.601228713989254
2024-07-23,5.37,5.46,21.563411712646484
2024-07-24,5.41,5.51,21.32707405090332
2024-07-25,5.39,5.48,21.47833251953125
2024-07-26,5.33,5.42,21.648496627807617
2024-07-29,5.3,5.4,21.70521545410156
2024-07-30,5.29,5.38,21.714670181274418
2024-07-31,5.22,5.32,21.903738021850582
2024-08-01,5.18,5.28,21.994871139526367
2024-08-02,5.06,5.15,22.30813217163086
2024-08-05,5.11,5.2,22.26066780090332
2024-08-06,5.18,5.27,22.013856887817383
2024-08-07,5.21,5.31,21.852481842041016
2024-08-08,5.23,5.33,21.852481842041016
2024-08-09,5.17,5.28,22.042335510253903
2024-08-12,5.14,5.25,22.089799880981445
2024-08-13,5.08,5.19,22.28914451599121
2024-08-14,5.03,5.14,22.479005813598633
2024-08-15,5.07,5.18,22.403060913085938
2024-08-16,5.05,5.15,22.49799156188965
2024-08-19,5.02,5.13,22.58342933654785
2024-08-20,4.98,5.09,22.678354263305664
2024-08-21,4.96,5.06,22.72581672668457
2024-08-22,5.01,5.12,22.58342933654785
2024-08-23,4.95,5.06,22.754295349121097
2024-08-26,4.95,5.07,22.697338104248047
2024-08-27,4.96,5.08,22.65936851501465
2024-08-28,4.98,5.1,22.592920303344727
2024-08-29,5.0,5.12,22.526464462280273
2024-08-30,5.04,5.16,22.403060913085938
2024-08-31,5.05,5.18,
2024-09-02,5.05,5.18,
2024-09-03,5.0,5.13,22.514583587646484
2024-09-04,4.94,5.07,22.724292755126953
2024-09-05,4.9,5.03,22.90539932250977
2024-09-06,4.89,5.02,22.86726951599121
2024-09-09,4.87,5.01,22.95305824279785
2024-09-10,4.83,4.97,23.038846969604492
2024-09-11,4.84,4.98,23.057910919189453
2024-09-12,4.85,4.99,23.038846969604492
2024-09-13,4.81,4.95,23.115100860595703
2024-09-16,4.76,4.9,23.29621124267578
2024-09-17,4.77,4.9,23.29621124267578
2024-09-18,4.81,4.95,23.153230667114254
2024-09-19,4.79,4.93,23.153230667114254
2024-09-20,4.8,4.95,23.153230667114254
2024-09-23,4.8,4.95,23.105567932128903
2024-09-24,4.78,4.93,23.153230667114254
2024-09-25,4.83,4.99,22.943525314331055
2024-09-26,4.84,5.0,22.962589263916016
2024-09-27,4.79,4.96,23.086505889892575
2024-09-30,4.85,5.01,23.029312133789062
2024-10-01,4.81,4.97,23.17956924438477
2024-10-02,4.83,4.99,23.093435287475582
2024-10-03,4.88,5.05,22.88288688659668
2024-10-04,4.98,5.15,22.73933219909668
2024-10-07,5.02,5.19,22.567062377929688
2024-10-08,5.02,5.19,22.634056091308594
2024-10-09,5.05,5.22,22.586204528808594
2024-10-10,5.05,5.21,22.50963973999023
2024-10-11,5.05,5.22,22.48093032836914
2024-10-14,5.04,5.21,22.519210815429688
2024-10-15,4.99,5.16,22.681907653808594
2024-10-16,4.97,5.13,22.777612686157227
2024-10-17,5.03,5.2,22.528779983520508
2024-10-18,5.03,5.2,22.46178436279297
2024-10-21,5.15,5.32,22.11725616455078
2024-10-22,5.17,5.34,22.126821517944336
2024-10-23,5.2,5.38,22.03112030029297
2024-10-24,5.18,5.35,22.136388778686523
2024-10-25,5.2,5.38,22.05025863647461
2024-10-28,5.23,5.4,22.02155113220215
2024-10-29,5.23,5.39,22.069398880004883
2024-10-30,5.23,5.4,22.069398880004883
2024-10-31,5.28,5.43,22.02155113220215
2024-11-01,5.36,5.52,21.816837310791016
2024-11-04,5.29,5.44,22.06671714782715
2024-11-05,5.26,5.42,22.2301025390625
2024-11-06,5.36,5.52,21.874500274658203
2024-11-07,5.23,5.4,22.22049331665039
2024-11-08,5.2,5.36,22.4127140045166
2024-11-11,5.2,5.36,22.36465835571289
2024-11-12,5.32,5.48,22.028274536132812
2024-11-13,5.35,5.51,21.85527801513672
2024-11-14,5.35,5.51,21.912946701049805
2024-11-15,5.36,5.51,21.893722534179688
2024-11-18,5.33,5.48,21.94177627563477
2024-11-19,5.31,5.46,21.999441146850582
2024-11-20,5.34,5.49,21.912946701049805
2024-11-21,5.34,5.49,21.903331756591797
2024-11-22,5.33,5.49,21.92255401611328
2024-11-25,5.19,5.35,22.36465835571289
2024-11-26,5.23,5.39,22.278160095214844
2024-11-27,5.19,5.35,22.383880615234375
2024-11-28,5.19,5.35,
2024-11-29,5.13,5.29,22.585710525512695
2024-11-30,5.16,5.31,
2024-12-02,5.14,5.29,22.651336669921875
2024-12-03,5.17,5.32,22.506568908691406
2024-12-04,5.12,5.27,22.6802921295166
2024-12-05,5.12,5.28,22.689945220947266
2024-12-06,5.09,5.25,22.738201141357425
2024-12-09,5.13,5.28,22.632034301757812
2024-12-10,5.14,5.3,22.56447410583496
2024-12-11,5.16,5.32,22.458314895629883
2024-12-12,5.22,5.39,22.236337661743164
2024-12-13,5.28,5.45,22.05296516418457
2024-12-16,5.28,5.43,22.110870361328125
2024-12-17,5.29,5.45,22.120521545410156
2024-12-18,5.4,5.55,21.75378036499023
2024-12-19,5.49,5.64,21.55989646911621
2024-12-20,5.45,5.61,21.676225662231445
2024-12-23,5.5,5.66,21.5695858001709
2024-12-24,5.49,5.65,21.6859188079834
2024-12-25,,,
2024-12-26,5.48,5.63,21.69561195373535
2024-12-27,5.51,5.67,21.53080940246582
2024-12-30,5.44,5.6,21.656835556030273
2024-12-31,5.49,5.66,21.550199508666992
2025-01-01,,,
2025-01-02,5.49,5.65,21.55989646911621
2025-01-03,5.52,5.68,21.50172996520996
2025-01-06,5.55,5.72,21.404787063598633
2025-01-07,5.62,5.78,21.2399845123291
2025-01-08,5.6,5.76,21.28845596313477
2025-01-09,5.61,5.77,
2025-01-10,5.69,5.86,21.15273666381836
2025-01-13,5.73,5.89,21.065488815307617
2025-01-14,5.72,5.87,21.094572067260746
2025-01-15,5.57,5.73,21.424177169799805
2025-01-16,5.54,5.69,21.492033004760746
2025-01-17,5.53,5.69,21.53080940246582
2025-01-20,5.53,5.69,
2025-01-21,5.47,5.63,21.715002059936523
2025-01-22,5.5,5.66,21.62775421142578
2025-01-23,5.54,5.7,21.550199508666992
2025-01-24,5.51,5.67,21.61805725097656
2025-01-27,5.43,5.59,21.83133125305176
2025-01-28,5.43,5.59,21.77316665649414
2025-01-29,5.45,5.61,21.715002059936523
2025-01-30,5.42,5.59,21.78285789489746
2025-01-31,5.47,5.64,21.647140502929688
2025-02-03,5.47,5.64,21.730873107910156
2025-02-04,5.44,5.61,21.808759689331055
2025-02-05,5.37,5.53,22.052162170410156
2025-02-06,5.39,5.55,22.01321792602539
2025-02-07,5.44,5.6,21.87691116333008
2025-02-10,5.44,5.61,21.857440948486328
2025-02-11,5.47,5.64,21.779552459716797
2025-02-12,5.55,5.71,21.604305267333984
2025-02-13,5.45,5.62,21.87691116333008
2025-02-14,5.38,5.55,21.974271774291992
2025-02-17,5.38,5.55,
2025-02-18,5.44,5.61,21.808759689331055
2025-02-19,5.43,5.6,21.82823371887207
2025-02-20,5.41,5.58,21.896385192871097
2025-02-21,5.35,5.51,22.01321792602539
2025-02-24,5.33,5.49,22.09110641479492
2025-02-25,5.24,5.41,22.36371421813965
2025-02-26,5.22,5.38,22.412397384643555
2025-02-27,5.25,5.41,22.266357421875
2025-02-28,5.23,5.39,22.412397384643555
2025-03-03,5.19,5.36,22.510183334350582
2025-03-04,5.24,5.41,22.35372543334961
2025-03-05,5.29,5.45,22.265718460083008
2025-03-06,5.31,5.48,22.13859748840332
2025-03-07,5.34,5.51,22.089702606201172
2025-03-10,5.27,5.45,22.167932510375977
2025-03-11,5.35,5.52,21.962581634521484
2025-03-12,5.39,5.56,21.86479759216309
2025-03-13,5.37,5.54,21.982141494750977
2025-03-14,5.38,5.54,21.972362518310547
2025-03-17,5.35,5.52,22.05059051513672
2025-03-18,5.33,5.5,22.119041442871097
2025-03-19,5.28,5.45,22.275495529174805
2025-03-20,5.26,5.43,22.22660255432129
2025-03-21,5.29,5.46,22.148372650146484
2025-03-24,5.35,5.53,21.982141494750977
2025-03-25,5.33,5.51,22.011474609375
2025-03-26,5.37,5.55,21.85502052307129
2025-03-27,5.39,5.57,21.80612564086914
2025-03-28,5.32,5.5,21.972362518310547
2025-03-31,5.31,5.5,22.070144653320312
2025-04-01,5.28,5.47,22.177202224731445
2025-04-02,5.28,5.47,22.265596389770508
2025-04-03,5.25,5.44,22.196847915649418
2025-04-04,5.3,5.49,22.21649169921875
2025-04-07,5.52,5.7,21.538799285888672
2025-04-08,5.59,5.76,21.087003707885746
2025-04-09,5.63,5.81,21.656658172607425
2025-04-10,5.69,5.87,21.057538986206055
2025-04-11,5.75,5.93,21.16557502746582
2025-04-14,5.63,5.8,21.283435821533203
2025-04-15,5.57,5.75,21.46022605895996
2025-04-16,5.51,5.7,21.538799285888672
2025-04-17,5.54,5.73,21.46022605895996
2025-04-18,,,
2025-04-21,5.63,5.82,21.096826553344727
2025-04-22,5.6,5.8,21.204864501953125
2025-04-23,5.55,5.74,21.3914737701416
2025-04-24,5.46,5.66,21.67630195617676
2025-04-25,5.39,5.6,21.83344459533691
2025-04-28,5.34,5.56,21.87273406982422
2025-04-29,5.32,5.54,21.93166160583496
2025-04-30,5.36,5.58,21.715587615966797
2025-05-01,5.43,5.64,21.636659622192383
2025-05-02,5.48,5.7,21.587326049804688
2025-05-05,5.49,5.72,21.50839614868164
2025-05-06,5.46,5.7,21.537994384765625
2025-05-07,5.42,5.67,21.616924285888672
2025-05-08,5.49,5.74,21.488664627075195
2025-05-09,5.48,5.74,21.46893310546875
2025-05-12,5.52,5.77,21.478797912597656
2025-05-13,5.51,5.76,21.46893310546875
2025-05-14,5.54,5.79,21.3308048248291
2025-05-15,5.47,5.71,21.50839614868164
2025-05-16,5.45,5.7,21.57746124267578
2025-05-19,5.45,5.7,21.57746124267578
2025-05-20,5.46,5.72,21.45906639099121
2025-05-21,5.57,5.82,21.084148406982425
2025-05-22,5.53,5.79,21.232141494750977
2025-05-23,5.51,5.77,21.24201011657715
2025-05-26,5.51,5.77,
2025-05-27,5.43,5.68,21.57746124267578
2025-05-28,5.45,5.71,21.488664627075195
2025-05-29,5.4,5.66,21.656391143798828
2025-05-30,5.37,5.63,21.705720901489254
2025-05-31,5.39,5.65,
2025-06-02,5.43,5.69,21.60660743713379
2025-06-03,5.42,5.68,21.64625358581543
2025-06-04,5.33,5.58,21.884124755859375
2025-06-05,5.36,5.62,21.824657440185547
2025-06-06,5.45,5.71,21.666078567504883
2025-06-09,5.42,5.68,21.7453670501709
2025-06-10,5.4,5.66,21.834569931030273
2025-06-11,5.35,5.61,21.89403533935547
2025-06-12,5.3,5.55,22.112083435058594
2025-06-13,5.35,5.61,21.903947830200195
2025-06-16,5.38,5.63,21.804834365844727
2025-06-17,5.33,5.58,21.933679580688477
2025-06-18,5.33,5.58,21.963415145874023
2025-06-19,5.33,5.58,
2025-06-20,5.32,5.57,21.983238220214844
2025-06-23,5.28,5.54,22.01297187805176
2025-06-24,5.23,5.49,22.171552658081055
2025-06-25,5.22,5.48,22.131906509399418
2025-06-26,5.18,5.45,22.231021881103516
2025-06-27,5.21,5.48,22.16164207458496
2025-06-30,5.16,5.42,22.36977767944336
2025-07-01,5.16,5.42,22.43946647644043
2025-07-02,5.17,5.44,22.42951011657715
2025-07-03,5.2,5.46,22.34986686706543
2025-07-04,5.2,5.46,
2025-07-07,5.25,5.52,22.130847930908203
2025-07-08,5.27,5.55,22.041248321533203
2025-07-09,5.22,5.5,22.23040199279785
2025-07-10,5.22,5.5,22.240358352661133
2025-07-11,5.29,5.57,22.001428604125977
2025-07-14,5.29,5.56,22.001428604125977
2025-07-15,5.33,5.6,21.891918182373047
2025-07-16,5.29,5.57,21.901874542236328
2025-07-17,5.29,5.56,21.97156143188477
2025-07-18,5.25,5.54,22.001428604125977
2025-07-21,5.2,5.49,22.150758743286133
2025-07-22,5.18,5.46,22.22044563293457
2025-07-23,5.21,5.49,22.170669555664062
2025-07-24,5.21,5.5,22.150758743286133
2025-07-25,5.18,5.47,22.27022361755371
2025-07-28,5.2,5.49,22.180625915527344
2025-07-29,5.13,5.41,22.43946647644043
2025-07-30,5.17,5.45,22.31004524230957
2025-07-31,5.19,5.47,
